Derrick Pilot,some_blackguy
Candace Owens,realcandaceo
Tim Pool,timcast
Brittany Venti,brittanyventi
John Canales,mouthybuddha
Jean-Francois Gariepy,jfgariepy
Brooks Heatherly,thenobullshit
Markus Meechan,countdankulatv
Felix Lace,navyhato
Nick Fuentes,nickjfuentes
Richard Spencer,richardbspencer
Gregory Fluhrer,armouredskeptic
Thomas Kirk,amazingatheist
Davis Aurini,aurini
Phil Mason,thunderf00t
David Rubin,rubinreport
Johnathan Jafari,jontronshow
Laci Green,gogreen18
Robi Vio,tonkasaw
Carl Benjamin,sargon_of_akkad
James Allsup,realjamesallsup
Theodore Beale,voxday
Mike Cernovich,cernovich
Faith Goldy,faithgoldy
Ryan Faulk,thealthype
Tara McCarthy,taramccarthy444|taramccarthy_14|virtueofthewest
Colin Robertson,millennialwoes
Stefan Molyneux,stefanmolyneux
Ayla Stewart,apurposefulwife
Daryush Valizadeh,rooshv
Tarl Warwick,styx666official
Alison Pead,rageafterstorm
Brittany Pettibone,brittpettibone
Andy Warski,andywarski
Steven Crowder,scrowder
Jordan Peterson,jordanbpeterson
Alex Jones,realalexjones
Paul Watson,prisonplanet
Josephine Mathias,nameisjosephine